date,track,status,user_fraction,version_codes,release_name
2026-08-27,alpha,completed,1.0,3,0.2.0
2026-08-27,beta,completed,1.0,38,0.14.0dev202608101
2026-08-27,internal,completed,1.0,40,0.14.0b2
2026-08-27,production,completed,1.0,40,0.14.0b2
2026-08-29,alpha,completed,1.0,3,0.2.0
2026-08-29,beta,completed,1.0,38,0.14.0dev202608101
2026-08-29,internal,completed,1.0,40,0.14.0b2
2026-08-29,production,completed,1.0,40,0.14.0b2
2026-08-30,alpha,completed,1.0,3,0.2.0
2026-08-30,beta,completed,1.0,38,0.14.0dev202608101
2026-08-30,internal,completed,1.0,40,0.14.0b2
2026-08-30,production,completed,1.0,40,0.14.0b2
2026-08-31,alpha,completed,1.0,3,0.2.0
2026-08-31,beta,completed,1.0,38,0.14.0dev202608101
2026-08-31,internal,completed,1.0,40,0.14.0b2
2026-08-31,production,completed,1.0,40,0.14.0b2
2026-09-01,alpha,completed,1.0,3,0.2.0
2026-09-01,beta,completed,1.0,38,0.14.0dev202608101
2026-09-01,internal,completed,1.0,40,0.14.0b2
2026-09-01,production,completed,1.0,40,0.14.0b2
2026-09-02,alpha,completed,1.0,3,0.2.0
2026-09-02,beta,completed,1.0,38,0.14.0dev202608101
2026-09-02,internal,completed,1.0,40,0.14.0b2
2026-09-02,production,completed,1.0,40,0.14.0b2
2026-09-03,alpha,completed,1.0,3,0.2.0
2026-09-03,beta,completed,1.0,38,0.14.0dev202608101
2026-09-03,internal,completed,1.0,40,0.14.0b2
2026-09-03,production,completed,1.0,40,0.14.0b2
2026-09-04,alpha,completed,1.0,3,0.2.0
2026-09-04,beta,completed,1.0,38,0.14.0dev202608101
2026-09-04,internal,completed,1.0,40,0.14.0b2
2026-09-04,production,completed,1.0,40,0.14.0b2
2026-09-05,alpha,completed,1.0,3,0.2.0
2026-09-05,beta,completed,1.0,38,0.14.0dev202608101
2026-09-05,internal,completed,1.0,40,0.14.0b2
2026-09-05,production,completed,1.0,40,0.14.0b2
2026-09-06,alpha,completed,1.0,3,0.2.0
2026-09-06,beta,completed,1.0,38,0.14.0dev202608101
2026-09-06,internal,completed,1.0,40,0.14.0b2
2026-09-06,production,completed,1.0,40,0.14.0b2
2026-09-07,alpha,completed,1.0,3,0.2.0
2026-09-07,beta,completed,1.0,38,0.14.0dev202608101
2026-09-07,internal,completed,1.0,40,0.14.0b2
2026-09-07,production,completed,1.0,40,0.14.0b2
2026-09-08,alpha,completed,1.0,3,0.2.0
2026-09-08,beta,completed,1.0,38,0.14.0dev202608101
2026-09-08,internal,completed,1.0,40,0.14.0b2
2026-09-08,production,completed,1.0,40,0.14.0b2
2026-09-09,alpha,completed,1.0,3,0.2.0
2026-09-09,beta,completed,1.0,38,0.14.0dev202608101
2026-09-09,internal,completed,1.0,40,0.14.0b2
2026-09-09,production,completed,1.0,40,0.14.0b2
2026-09-10,alpha,completed,1.0,3,0.2.0
2026-09-10,beta,completed,1.0,38,0.14.0dev202608101
2026-09-10,internal,completed,1.0,40,0.14.0b2
2026-09-10,production,completed,1.0,40,0.14.0b2
2026-09-11,alpha,completed,1.0,3,0.2.0
2026-09-11,beta,completed,1.0,38,0.14.0dev202608101
2026-09-11,internal,completed,1.0,40,0.14.0b2
2026-09-11,production,completed,1.0,41,0.14.0
2026-09-12,alpha,completed,1.0,3,0.2.0
2026-09-12,beta,completed,1.0,38,0.14.0dev202608101
2026-09-12,internal,completed,1.0,40,0.14.0b2
2026-09-12,production,completed,1.0,41,0.14.0
2026-09-13,alpha,completed,1.0,3,0.2.0
2026-09-13,beta,completed,1.0,38,0.14.0dev202608101
2026-09-13,internal,completed,1.0,40,0.14.0b2
2026-09-13,production,completed,1.0,41,0.14.0
2026-09-14,alpha,completed,1.0,3,0.2.0
2026-09-14,beta,completed,1.0,38,0.14.0dev202608101
2026-09-14,internal,completed,1.0,43,0.14.2b1
2026-09-14,production,completed,1.0,42,0.14.1
2026-09-15,alpha,completed,1.0,3,0.2.0
2026-09-15,beta,completed,1.0,38,0.14.0dev202608101
2026-09-15,internal,completed,1.0,43,0.14.2b1
2026-09-15,production,completed,1.0,42,0.14.1
2026-09-16,alpha,completed,1.0,3,0.2.0
2026-09-16,beta,completed,1.0,38,0.14.0dev202608101
2026-09-16,internal,completed,1.0,43,0.14.2b1
2026-09-16,production,completed,1.0,42,0.14.1
2026-09-17,alpha,completed,1.0,3,0.2.0
2026-09-17,beta,completed,1.0,38,0.14.0dev202608101
2026-09-17,internal,completed,1.0,43,0.14.2b1
2026-09-17,production,completed,1.0,42,0.14.1
2026-09-18,alpha,completed,1.0,3,0.2.0
2026-09-18,beta,completed,1.0,38,0.14.0dev202608101
2026-09-18,internal,completed,1.0,44,0.14.2b2
2026-09-18,production,completed,1.0,42,0.14.1
2026-09-19,alpha,completed,1.0,3,0.2.0
2026-09-19,beta,completed,1.0,38,0.14.0dev202608101
2026-09-19,internal,completed,1.0,44,0.14.2b2
2026-09-19,production,completed,1.0,42,0.14.1
2026-09-20,alpha,completed,1.0,3,0.2.0
2026-09-20,beta,completed,1.0,38,0.14.0dev202608101
2026-09-20,internal,completed,1.0,44,0.14.2b2
2026-09-20,production,completed,1.0,42,0.14.1
2026-09-21,alpha,completed,1.0,3,0.2.0
2026-09-21,beta,completed,1.0,38,0.14.0dev202608101
2026-09-21,internal,completed,1.0,44,0.14.2b2
2026-09-21,production,completed,1.0,42,0.14.1
